AvgMeanTime(ms), Sever InnerTime
0.0,1.88828
0.94524,1.843842
7083.184953,